<?xml version="1.0" encoding="UTF-8"?>
<project-private xmlns="http://www.netbeans.org/ns/project-private/1">
    <editor-bookmarks xmlns="http://www.netbeans.org/ns/editor-bookmarks/2" lastBookmarkId="0"/>
    <open-files xmlns="http://www.netbeans.org/ns/projectui-open-files/2">
        <group>
            <file>file:/D:/dam2/servicios_procesos/codigo_sockets_udp_android_server/src/codigo_sockets_udp_android_server/cliente_udp.java</file>
            <file>file:/D:/dam2/servicios_procesos/codigo_sockets_udp_android_server/src/codigo_sockets_udp_android_server/server_udp.java</file>
        </group>
    </open-files>
</project-private>
